agent_id,frame,decision,sim,stored_label,used_packet_agent,used_packet_ts,local_backbone,local_embedding_dim,used_packet_model_name,used_packet_model_version
agent_1,1,heavy,,,,,resnet18,256,,
agent_1,2,skipped,0.0102599579840898,Person,agent_2,1776421233.3456993,resnet18,256,mobilenet_v3_small,torchvision
agent_1,3,skipped,0.010341883637011,Person,agent_2,1776421233.3456993,resnet18,256,mobilenet_v3_small,torchvision
agent_1,4,skipped,0.0104918470606207,Person,agent_2,1776421233.3456993,resnet18,256,mobilenet_v3_small,torchvision
agent_1,5,skipped,0.010375902056694,Person,agent_2,1776421233.3456993,resnet18,256,mobilenet_v3_small,torchvision
agent_1,6,skipped,0.0102665079757571,Person,agent_2,1776421233.3456993,resnet18,256,mobilenet_v3_small,torchvision
agent_1,7,skipped,0.0090581662952899,Person,agent_2,1776421233.3456993,resnet18,256,mobilenet_v3_small,torchvision
agent_1,8,skipped,0.0096937008202075,Person,agent_2,1776421233.3456993,resnet18,256,mobilenet_v3_small,torchvision
agent_1,9,skipped,0.0089438464492559,Person,agent_2,1776421233.3456993,resnet18,256,mobilenet_v3_small,torchvision
agent_1,10,skipped,0.8614077568054199,Person,agent_2,1776421233.3456993,resnet18,256,mobilenet_v3_small,torchvision
agent_1,11,skipped,0.8618155121803284,Person,agent_2,1776421233.3456993,resnet18,256,mobilenet_v3_small,torchvision
agent_1,12,skipped,0.8619784712791443,Person,agent_2,1776421233.3456993,resnet18,256,mobilenet_v3_small,torchvision
agent_1,13,skipped,0.8622595071792603,Person,agent_2,1776421233.3456993,resnet18,256,mobilenet_v3_small,torchvision
agent_1,14,skipped,0.8622775077819824,Person,agent_2,1776421233.3456993,resnet18,256,mobilenet_v3_small,torchvision
agent_1,15,skipped,0.8621761202812195,Person,agent_2,1776421233.3456993,resnet18,256,mobilenet_v3_small,torchvision
agent_1,16,skipped,0.8619394302368164,Person,agent_2,1776421233.3456993,resnet18,256,mobilenet_v3_small,torchvision
agent_1,17,skipped,0.8613781332969666,Person,agent_2,1776421233.3456993,resnet18,256,mobilenet_v3_small,torchvision
agent_1,18,skipped,0.9800124168395996,Person,agent_2,1776421233.3456993,resnet18,256,mobilenet_v3_small,torchvision
agent_1,19,skipped,0.9799413681030272,Person,agent_2,1776421233.3456993,resnet18,256,mobilenet_v3_small,torchvision
agent_1,20,skipped,0.9798731803894044,Person,agent_2,1776421233.3456993,resnet18,256,mobilenet_v3_small,torchvision
agent_1,21,skipped,0.98000168800354,Person,agent_2,1776421233.3456993,resnet18,256,mobilenet_v3_small,torchvision
agent_1,22,skipped,0.9801414012908936,Person,agent_2,1776421233.3456993,resnet18,256,mobilenet_v3_small,torchvision
agent_1,23,skipped,0.9800313711166382,Person,agent_2,1776421233.3456993,resnet18,256,mobilenet_v3_small,torchvision
agent_1,24,skipped,0.9797881841659546,Person,agent_2,1776421233.3456993,resnet18,256,mobilenet_v3_small,torchvision
agent_1,25,skipped,0.9797534346580504,Person,agent_2,1776421233.3456993,resnet18,256,mobilenet_v3_small,torchvision
agent_1,26,skipped,0.9924525022506714,Person,agent_2,1776421233.3456993,resnet18,256,mobilenet_v3_small,torchvision
agent_1,27,skipped,0.9923768043518066,Person,agent_2,1776421233.3456993,resnet18,256,mobilenet_v3_small,torchvision
agent_1,28,skipped,0.9923784732818604,Person,agent_2,1776421233.3456993,resnet18,256,mobilenet_v3_small,torchvision
agent_1,29,skipped,0.9922930002212524,Person,agent_2,1776421233.3456993,resnet18,256,mobilenet_v3_small,torchvision
agent_1,30,skipped,0.9923434257507324,Person,agent_2,1776421233.3456993,resnet18,256,mobilenet_v3_small,torchvision
agent_1,31,skipped,0.9923326969146729,Person,agent_2,1776421233.3456993,resnet18,256,mobilenet_v3_small,torchvision
agent_1,32,skipped,0.9923721551895142,Person,agent_2,1776421233.3456993,resnet18,256,mobilenet_v3_small,torchvision
agent_1,33,skipped,0.9923807978630066,Person,agent_2,1776421233.3456993,resnet18,256,mobilenet_v3_small,torchvision
agent_1,34,skipped,0.9958248138427734,Person,agent_2,1776421233.3456993,resnet18,256,mobilenet_v3_small,torchvision
agent_1,35,skipped,0.9958139657974244,Person,agent_2,1776421233.3456993,resnet18,256,mobilenet_v3_small,torchvision
agent_1,36,skipped,0.995814085006714,Person,agent_2,1776421233.3456993,resnet18,256,mobilenet_v3_small,torchvision
agent_1,37,skipped,0.9957683682441713,Person,agent_2,1776421233.3456993,resnet18,256,mobilenet_v3_small,torchvision
agent_1,38,skipped,0.9957655668258668,Person,agent_2,1776421233.3456993,resnet18,256,mobilenet_v3_small,torchvision
agent_1,39,skipped,0.9958166480064392,Person,agent_2,1776421233.3456993,resnet18,256,mobilenet_v3_small,torchvision
agent_1,40,skipped,0.9957754015922546,Person,agent_2,1776421233.3456993,resnet18,256,mobilenet_v3_small,torchvision
agent_1,41,skipped,0.9957666397094728,Person,agent_2,1776421233.3456993,resnet18,256,mobilenet_v3_small,torchvision
agent_1,42,skipped,0.997308611869812,Person,agent_2,1776421233.3456993,resnet18,256,mobilenet_v3_small,torchvision
agent_1,43,skipped,0.9972920417785645,Person,agent_2,1776421233.3456993,resnet18,256,mobilenet_v3_small,torchvision
agent_1,44,skipped,0.9972894191741944,Person,agent_2,1776421233.3456993,resnet18,256,mobilenet_v3_small,torchvision
agent_1,45,skipped,0.9972724318504332,Person,agent_2,1776421233.3456993,resnet18,256,mobilenet_v3_small,torchvision
agent_1,46,skipped,0.99726140499115,Person,agent_2,1776421233.3456993,resnet18,256,mobilenet_v3_small,torchvision
agent_1,47,skipped,0.997263491153717,Person,agent_2,1776421233.3456993,resnet18,256,mobilenet_v3_small,torchvision
agent_1,48,skipped,0.9972860813140868,Person,agent_2,1776421233.3456993,resnet18,256,mobilenet_v3_small,torchvision
agent_1,49,skipped,0.9972952604293824,Person,agent_2,1776421233.3456993,resnet18,256,mobilenet_v3_small,torchvision
agent_1,50,skipped,0.9967420101165771,Person,agent_2,1776421233.3456993,resnet18,256,mobilenet_v3_small,torchvision
agent_1,51,skipped,0.9967287182807922,Person,agent_2,1776421233.3456993,resnet18,256,mobilenet_v3_small,torchvision
agent_1,52,skipped,0.9967437982559204,Person,agent_2,1776421233.3456993,resnet18,256,mobilenet_v3_small,torchvision
agent_1,53,skipped,0.9967021942138672,Person,agent_2,1776421233.3456993,resnet18,256,mobilenet_v3_small,torchvision
agent_1,54,skipped,0.9966755509376526,Person,agent_2,1776421233.3456993,resnet18,256,mobilenet_v3_small,torchvision
agent_1,55,skipped,0.9967607259750366,Person,agent_2,1776421233.3456993,resnet18,256,mobilenet_v3_small,torchvision
agent_1,56,skipped,0.9967501759529114,Person,agent_2,1776421233.3456993,resnet18,256,mobilenet_v3_small,torchvision
agent_1,57,skipped,0.9967316389083862,Person,agent_2,1776421233.3456993,resnet18,256,mobilenet_v3_small,torchvision
agent_1,58,skipped,0.9976879358291626,Person,agent_2,1776421233.3456993,resnet18,256,mobilenet_v3_small,torchvision
agent_1,59,skipped,0.9976822137832642,Person,agent_2,1776421233.3456993,resnet18,256,mobilenet_v3_small,torchvision
agent_1,60,skipped,0.9976625442504884,Person,agent_2,1776421233.3456993,resnet18,256,mobilenet_v3_small,torchvision
agent_2,1,heavy,,,,,mobilenet_v3_small,256,,
agent_2,2,skipped,0.0105137592181563,Person,agent_1,1776421233.2527144,mobilenet_v3_small,256,resnet18,torchvision
agent_2,3,skipped,0.0105137582868337,Person,agent_1,1776421233.2527144,mobilenet_v3_small,256,resnet18,torchvision
agent_2,4,skipped,0.0105137545615434,Person,agent_1,1776421233.2527144,mobilenet_v3_small,256,resnet18,torchvision
agent_2,5,skipped,0.010513762012124,Person,agent_1,1776421233.2527144,mobilenet_v3_small,256,resnet18,torchvision
agent_2,6,skipped,0.0105137573555111,Person,agent_1,1776421233.2527144,mobilenet_v3_small,256,resnet18,torchvision
agent_2,7,skipped,0.0105137601494789,Person,agent_1,1776421233.2527144,mobilenet_v3_small,256,resnet18,torchvision
agent_2,8,skipped,0.0105137629434466,Person,agent_1,1776421233.2527144,mobilenet_v3_small,256,resnet18,torchvision
agent_2,9,skipped,0.0105137573555111,Person,agent_1,1776421233.2527144,mobilenet_v3_small,256,resnet18,torchvision
agent_2,10,skipped,0.1059521436691284,Person,agent_1,1776421233.2527144,mobilenet_v3_small,256,resnet18,torchvision
agent_2,11,skipped,0.1059521436691284,Person,agent_1,1776421233.2527144,mobilenet_v3_small,256,resnet18,torchvision
agent_2,12,skipped,0.1059521436691284,Person,agent_1,1776421233.2527144,mobilenet_v3_small,256,resnet18,torchvision
agent_2,13,skipped,0.1059521362185478,Person,agent_1,1776421233.2527144,mobilenet_v3_small,256,resnet18,torchvision
agent_2,14,skipped,0.105952151119709,Person,agent_1,1776421233.2527144,mobilenet_v3_small,256,resnet18,torchvision
agent_2,15,skipped,0.1059521362185478,Person,agent_1,1776421233.2527144,mobilenet_v3_small,256,resnet18,torchvision
agent_2,16,skipped,0.1059521436691284,Person,agent_1,1776421233.2527144,mobilenet_v3_small,256,resnet18,torchvision
agent_2,17,skipped,0.1059521436691284,Person,agent_1,1776421233.2527144,mobilenet_v3_small,256,resnet18,torchvision
agent_2,18,skipped,0.1989200711250305,Person,agent_1,1776421233.2527144,mobilenet_v3_small,256,resnet18,torchvision
agent_2,19,skipped,0.1989200711250305,Person,agent_1,1776421233.2527144,mobilenet_v3_small,256,resnet18,torchvision
agent_2,20,skipped,0.1989200860261917,Person,agent_1,1776421233.2527144,mobilenet_v3_small,256,resnet18,torchvision
agent_2,21,skipped,0.1989200860261917,Person,agent_1,1776421233.2527144,mobilenet_v3_small,256,resnet18,torchvision
agent_2,22,skipped,0.1989200860261917,Person,agent_1,1776421233.2527144,mobilenet_v3_small,256,resnet18,torchvision
agent_2,23,skipped,0.1989200860261917,Person,agent_1,1776421233.2527144,mobilenet_v3_small,256,resnet18,torchvision
agent_2,24,skipped,0.1989200860261917,Person,agent_1,1776421233.2527144,mobilenet_v3_small,256,resnet18,torchvision
agent_2,25,skipped,0.1989200711250305,Person,agent_1,1776421233.2527144,mobilenet_v3_small,256,resnet18,torchvision
agent_2,26,skipped,0.2885749936103821,Person,agent_1,1776421233.2527144,mobilenet_v3_small,256,resnet18,torchvision
agent_2,27,skipped,0.2885749936103821,Person,agent_1,1776421233.2527144,mobilenet_v3_small,256,resnet18,torchvision
agent_2,28,skipped,0.2885749936103821,Person,agent_1,1776421233.2527144,mobilenet_v3_small,256,resnet18,torchvision
agent_2,29,skipped,0.2885749936103821,Person,agent_1,1776421233.2527144,mobilenet_v3_small,256,resnet18,torchvision
agent_2,30,skipped,0.2885749936103821,Person,agent_1,1776421233.2527144,mobilenet_v3_small,256,resnet18,torchvision
agent_2,31,skipped,0.2885749936103821,Person,agent_1,1776421233.2527144,mobilenet_v3_small,256,resnet18,torchvision
agent_2,32,skipped,0.2885749936103821,Person,agent_1,1776421233.2527144,mobilenet_v3_small,256,resnet18,torchvision
agent_2,33,skipped,0.2885749936103821,Person,agent_1,1776421233.2527144,mobilenet_v3_small,256,resnet18,torchvision
agent_2,34,skipped,0.3739158511161804,Person,agent_1,1776421233.2527144,mobilenet_v3_small,256,resnet18,torchvision
agent_2,35,skipped,0.3739158511161804,Person,agent_1,1776421233.2527144,mobilenet_v3_small,256,resnet18,torchvision
agent_2,36,skipped,0.3739158511161804,Person,agent_1,1776421233.2527144,mobilenet_v3_small,256,resnet18,torchvision
agent_2,37,skipped,0.3739158511161804,Person,agent_1,1776421233.2527144,mobilenet_v3_small,256,resnet18,torchvision
agent_2,38,skipped,0.3739158511161804,Person,agent_1,1776421233.2527144,mobilenet_v3_small,256,resnet18,torchvision
agent_2,39,skipped,0.3739158511161804,Person,agent_1,1776421233.2527144,mobilenet_v3_small,256,resnet18,torchvision
agent_2,40,skipped,0.3739158511161804,Person,agent_1,1776421233.2527144,mobilenet_v3_small,256,resnet18,torchvision
agent_2,41,skipped,0.3739158511161804,Person,agent_1,1776421233.2527144,mobilenet_v3_small,256,resnet18,torchvision
agent_2,42,skipped,0.4545268416404724,Person,agent_1,1776421233.2527144,mobilenet_v3_small,256,resnet18,torchvision
agent_2,43,skipped,0.4545268416404724,Person,agent_1,1776421233.2527144,mobilenet_v3_small,256,resnet18,torchvision
agent_2,44,skipped,0.4545268714427948,Person,agent_1,1776421233.2527144,mobilenet_v3_small,256,resnet18,torchvision
agent_2,45,skipped,0.4545268416404724,Person,agent_1,1776421233.2527144,mobilenet_v3_small,256,resnet18,torchvision
agent_2,46,skipped,0.4545268714427948,Person,agent_1,1776421233.2527144,mobilenet_v3_small,256,resnet18,torchvision
agent_2,47,skipped,0.4545268714427948,Person,agent_1,1776421233.2527144,mobilenet_v3_small,256,resnet18,torchvision
agent_2,48,skipped,0.4545268416404724,Person,agent_1,1776421233.2527144,mobilenet_v3_small,256,resnet18,torchvision
agent_2,49,skipped,0.4545268416404724,Person,agent_1,1776421233.2527144,mobilenet_v3_small,256,resnet18,torchvision
agent_2,50,skipped,0.5298938751220703,Person,agent_1,1776421233.2527144,mobilenet_v3_small,256,resnet18,torchvision
agent_2,51,skipped,0.5298938751220703,Person,agent_1,1776421233.2527144,mobilenet_v3_small,256,resnet18,torchvision
agent_2,52,skipped,0.5298938751220703,Person,agent_1,1776421233.2527144,mobilenet_v3_small,256,resnet18,torchvision
agent_2,53,skipped,0.5298938751220703,Person,agent_1,1776421233.2527144,mobilenet_v3_small,256,resnet18,torchvision
agent_2,54,skipped,0.5298938751220703,Person,agent_1,1776421233.2527144,mobilenet_v3_small,256,resnet18,torchvision
agent_2,55,skipped,0.5298938751220703,Person,agent_1,1776421233.2527144,mobilenet_v3_small,256,resnet18,torchvision
agent_2,56,skipped,0.5298938751220703,Person,agent_1,1776421233.2527144,mobilenet_v3_small,256,resnet18,torchvision
agent_2,57,skipped,0.5298938751220703,Person,agent_1,1776421233.2527144,mobilenet_v3_small,256,resnet18,torchvision
agent_2,58,skipped,0.6003185510635376,Person,agent_1,1776421233.2527144,mobilenet_v3_small,256,resnet18,torchvision
agent_2,59,skipped,0.6003185510635376,Person,agent_1,1776421233.2527144,mobilenet_v3_small,256,resnet18,torchvision
agent_2,60,skipped,0.6003185510635376,Person,agent_1,1776421233.2527144,mobilenet_v3_small,256,resnet18,torchvision
agent_3,1,skipped,0.0874584838747978,Person,agent_2,1776421233.3456993,efficientnet_b0,256,mobilenet_v3_small,torchvision
agent_3,2,skipped,0.0874584838747978,Person,agent_2,1776421233.3456993,efficientnet_b0,256,mobilenet_v3_small,torchvision
agent_3,3,skipped,0.0874584838747978,Person,agent_2,1776421233.3456993,efficientnet_b0,256,mobilenet_v3_small,torchvision
agent_3,4,skipped,0.0874584838747978,Person,agent_2,1776421233.3456993,efficientnet_b0,256,mobilenet_v3_small,torchvision
agent_3,5,skipped,0.0874584838747978,Person,agent_2,1776421233.3456993,efficientnet_b0,256,mobilenet_v3_small,torchvision
agent_3,6,skipped,0.0874584838747978,Person,agent_2,1776421233.3456993,efficientnet_b0,256,mobilenet_v3_small,torchvision
agent_3,7,skipped,0.0874584838747978,Person,agent_2,1776421233.3456993,efficientnet_b0,256,mobilenet_v3_small,torchvision
agent_3,8,skipped,0.0874584838747978,Person,agent_2,1776421233.3456993,efficientnet_b0,256,mobilenet_v3_small,torchvision
agent_3,9,skipped,0.2433672845363617,Person,agent_2,1776421233.3456993,efficientnet_b0,256,mobilenet_v3_small,torchvision
agent_3,10,skipped,0.2433672845363617,Person,agent_2,1776421233.3456993,efficientnet_b0,256,mobilenet_v3_small,torchvision
agent_3,11,skipped,0.2433672845363617,Person,agent_2,1776421233.3456993,efficientnet_b0,256,mobilenet_v3_small,torchvision
agent_3,12,skipped,0.2433672845363617,Person,agent_2,1776421233.3456993,efficientnet_b0,256,mobilenet_v3_small,torchvision
agent_3,13,skipped,0.2433672845363617,Person,agent_2,1776421233.3456993,efficientnet_b0,256,mobilenet_v3_small,torchvision
agent_3,14,skipped,0.2433672845363617,Person,agent_2,1776421233.3456993,efficientnet_b0,256,mobilenet_v3_small,torchvision
agent_3,15,skipped,0.2433672845363617,Person,agent_2,1776421233.3456993,efficientnet_b0,256,mobilenet_v3_small,torchvision
agent_3,16,skipped,0.2433672845363617,Person,agent_2,1776421233.3456993,efficientnet_b0,256,mobilenet_v3_small,torchvision
agent_3,17,skipped,0.3869920074939728,Person,agent_2,1776421233.3456993,efficientnet_b0,256,mobilenet_v3_small,torchvision
agent_3,18,skipped,0.3869920074939728,Person,agent_2,1776421233.3456993,efficientnet_b0,256,mobilenet_v3_small,torchvision
agent_3,19,skipped,0.3869920074939728,Person,agent_2,1776421233.3456993,efficientnet_b0,256,mobilenet_v3_small,torchvision
agent_3,20,skipped,0.3869920074939728,Person,agent_2,1776421233.3456993,efficientnet_b0,256,mobilenet_v3_small,torchvision
agent_3,21,skipped,0.3869920074939728,Person,agent_2,1776421233.3456993,efficientnet_b0,256,mobilenet_v3_small,torchvision
agent_3,22,skipped,0.3869920074939728,Person,agent_2,1776421233.3456993,efficientnet_b0,256,mobilenet_v3_small,torchvision
agent_3,23,skipped,0.3869920074939728,Person,agent_2,1776421233.3456993,efficientnet_b0,256,mobilenet_v3_small,torchvision
agent_3,24,skipped,0.3869920074939728,Person,agent_2,1776421233.3456993,efficientnet_b0,256,mobilenet_v3_small,torchvision
agent_3,25,skipped,0.5132384300231934,Person,agent_2,1776421233.3456993,efficientnet_b0,256,mobilenet_v3_small,torchvision
agent_3,26,skipped,0.5132384300231934,Person,agent_2,1776421233.3456993,efficientnet_b0,256,mobilenet_v3_small,torchvision
agent_3,27,skipped,0.5132384300231934,Person,agent_2,1776421233.3456993,efficientnet_b0,256,mobilenet_v3_small,torchvision
agent_3,28,skipped,0.5132384300231934,Person,agent_2,1776421233.3456993,efficientnet_b0,256,mobilenet_v3_small,torchvision
agent_3,29,skipped,0.5132384300231934,Person,agent_2,1776421233.3456993,efficientnet_b0,256,mobilenet_v3_small,torchvision
agent_3,30,skipped,0.5132384300231934,Person,agent_2,1776421233.3456993,efficientnet_b0,256,mobilenet_v3_small,torchvision
agent_3,31,skipped,0.5132384300231934,Person,agent_2,1776421233.3456993,efficientnet_b0,256,mobilenet_v3_small,torchvision
agent_3,32,skipped,0.5132384300231934,Person,agent_2,1776421233.3456993,efficientnet_b0,256,mobilenet_v3_small,torchvision
agent_3,33,skipped,0.620620608329773,Person,agent_2,1776421233.3456993,efficientnet_b0,256,mobilenet_v3_small,torchvision
agent_3,34,skipped,0.620620608329773,Person,agent_2,1776421233.3456993,efficientnet_b0,256,mobilenet_v3_small,torchvision
agent_3,35,skipped,0.620620608329773,Person,agent_2,1776421233.3456993,efficientnet_b0,256,mobilenet_v3_small,torchvision
agent_3,36,skipped,0.620620608329773,Person,agent_2,1776421233.3456993,efficientnet_b0,256,mobilenet_v3_small,torchvision
agent_3,37,skipped,0.620620608329773,Person,agent_2,1776421233.3456993,efficientnet_b0,256,mobilenet_v3_small,torchvision
agent_3,38,skipped,0.620620608329773,Person,agent_2,1776421233.3456993,efficientnet_b0,256,mobilenet_v3_small,torchvision
agent_3,39,skipped,0.620620608329773,Person,agent_2,1776421233.3456993,efficientnet_b0,256,mobilenet_v3_small,torchvision
agent_3,40,skipped,0.620620608329773,Person,agent_2,1776421233.3456993,efficientnet_b0,256,mobilenet_v3_small,torchvision
agent_3,41,skipped,0.7105225324630737,Person,agent_2,1776421233.3456993,efficientnet_b0,256,mobilenet_v3_small,torchvision
agent_3,42,skipped,0.7105225324630737,Person,agent_2,1776421233.3456993,efficientnet_b0,256,mobilenet_v3_small,torchvision
agent_3,43,skipped,0.7105225324630737,Person,agent_2,1776421233.3456993,efficientnet_b0,256,mobilenet_v3_small,torchvision
agent_3,44,skipped,0.7105225324630737,Person,agent_2,1776421233.3456993,efficientnet_b0,256,mobilenet_v3_small,torchvision
agent_3,45,skipped,0.7105225324630737,Person,agent_2,1776421233.3456993,efficientnet_b0,256,mobilenet_v3_small,torchvision
agent_3,46,skipped,0.7105225324630737,Person,agent_2,1776421233.3456993,efficientnet_b0,256,mobilenet_v3_small,torchvision
agent_3,47,skipped,0.7105225324630737,Person,agent_2,1776421233.3456993,efficientnet_b0,256,mobilenet_v3_small,torchvision
agent_3,48,skipped,0.7105225324630737,Person,agent_2,1776421233.3456993,efficientnet_b0,256,mobilenet_v3_small,torchvision
agent_3,49,skipped,0.7861179709434509,Person,agent_2,1776421233.3456993,efficientnet_b0,256,mobilenet_v3_small,torchvision
agent_3,50,skipped,0.7861179709434509,Person,agent_2,1776421233.3456993,efficientnet_b0,256,mobilenet_v3_small,torchvision
agent_3,51,skipped,0.7861179709434509,Person,agent_2,1776421233.3456993,efficientnet_b0,256,mobilenet_v3_small,torchvision
agent_3,52,skipped,0.7861179709434509,Person,agent_2,1776421233.3456993,efficientnet_b0,256,mobilenet_v3_small,torchvision
agent_3,53,skipped,0.7861179709434509,Person,agent_2,1776421233.3456993,efficientnet_b0,256,mobilenet_v3_small,torchvision
agent_3,54,skipped,0.7861179709434509,Person,agent_2,1776421233.3456993,efficientnet_b0,256,mobilenet_v3_small,torchvision
agent_3,55,skipped,0.7861179709434509,Person,agent_2,1776421233.3456993,efficientnet_b0,256,mobilenet_v3_small,torchvision
agent_3,56,skipped,0.7861179709434509,Person,agent_2,1776421233.3456993,efficientnet_b0,256,mobilenet_v3_small,torchvision
agent_3,57,skipped,0.8491951823234558,Person,agent_2,1776421233.3456993,efficientnet_b0,256,mobilenet_v3_small,torchvision
agent_3,58,skipped,0.8491951823234558,Person,agent_2,1776421233.3456993,efficientnet_b0,256,mobilenet_v3_small,torchvision
agent_3,59,skipped,0.8491951823234558,Person,agent_2,1776421233.3456993,efficientnet_b0,256,mobilenet_v3_small,torchvision
agent_3,60,skipped,0.8491951823234558,Person,agent_2,1776421233.3456993,efficientnet_b0,256,mobilenet_v3_small,torchvision
