agent_id,frame,decision,sim,stored_label,used_packet_agent,used_packet_ts,local_backbone,local_embedding_dim,used_packet_model_name,used_packet_model_version,cross_agent_reuse,heavy_label,heavy_confidence,heavy_latency_ms,heavy_detector_mode
agent_1,1,heavy,,,,,resnet18,256,,,0,Person,0.8810703704062958,202.62840000214052,opencv_hog
agent_1,2,skipped,0.9862020015716552,Person,agent_1,1776424579.115673,resnet18,256,resnet18,torchvision,0,,,,opencv_hog
agent_1,3,skipped,0.9748584032058716,Person,agent_1,1776424579.115673,resnet18,256,resnet18,torchvision,0,,,,opencv_hog
agent_1,4,skipped,0.9645010828971864,Person,agent_1,1776424579.115673,resnet18,256,resnet18,torchvision,0,,,,opencv_hog
agent_1,5,skipped,0.9642065167427064,Person,agent_1,1776424579.115673,resnet18,256,resnet18,torchvision,0,,,,opencv_hog
agent_1,6,skipped,0.9565351009368896,Person,agent_1,1776424579.115673,resnet18,256,resnet18,torchvision,0,,,,opencv_hog
agent_1,7,skipped,0.954680323600769,Person,agent_1,1776424579.115673,resnet18,256,resnet18,torchvision,0,,,,opencv_hog
agent_1,8,skipped,0.9693056344985962,Person,agent_1,1776424579.115673,resnet18,256,resnet18,torchvision,0,,,,opencv_hog
agent_1,9,skipped,0.9640034437179564,Person,agent_1,1776424579.115673,resnet18,256,resnet18,torchvision,0,,,,opencv_hog
agent_1,10,skipped,0.9705037474632264,Person,agent_1,1776424579.115673,resnet18,256,resnet18,torchvision,0,,,,opencv_hog
agent_1,11,skipped,0.9647364020347596,Person,agent_1,1776424579.115673,resnet18,256,resnet18,torchvision,0,,,,opencv_hog
agent_1,12,skipped,0.9626559615135192,Person,agent_1,1776424579.115673,resnet18,256,resnet18,torchvision,0,,,,opencv_hog
agent_1,13,skipped,0.9594208002090454,Person,agent_1,1776424579.115673,resnet18,256,resnet18,torchvision,0,,,,opencv_hog
agent_1,14,skipped,0.9541035890579224,Person,agent_1,1776424579.115673,resnet18,256,resnet18,torchvision,0,,,,opencv_hog
agent_1,15,skipped,0.9576668739318848,Person,agent_1,1776424579.115673,resnet18,256,resnet18,torchvision,0,,,,opencv_hog
agent_1,16,skipped,0.952937126159668,Person,agent_1,1776424579.115673,resnet18,256,resnet18,torchvision,0,,,,opencv_hog
agent_1,17,skipped,0.9539390802383424,Person,agent_1,1776424579.115673,resnet18,256,resnet18,torchvision,0,,,,opencv_hog
agent_1,18,skipped,0.9855468273162842,Person,agent_1,1776424579.115673,resnet18,256,resnet18,torchvision,0,,,,opencv_hog
agent_1,19,skipped,0.9843519926071168,Person,agent_1,1776424579.115673,resnet18,256,resnet18,torchvision,0,,,,opencv_hog
agent_1,20,skipped,0.986229658126831,Person,agent_1,1776424579.115673,resnet18,256,resnet18,torchvision,0,,,,opencv_hog
agent_1,21,skipped,0.9828578233718872,Person,agent_1,1776424579.115673,resnet18,256,resnet18,torchvision,0,,,,opencv_hog
agent_1,22,skipped,0.9807857871055604,Person,agent_1,1776424579.115673,resnet18,256,resnet18,torchvision,0,,,,opencv_hog
agent_1,23,skipped,0.9786129593849182,Person,agent_1,1776424579.115673,resnet18,256,resnet18,torchvision,0,,,,opencv_hog
agent_1,24,skipped,0.9738084077835084,Person,agent_1,1776424579.115673,resnet18,256,resnet18,torchvision,0,,,,opencv_hog
agent_1,25,skipped,0.9749322533607484,Person,agent_1,1776424579.115673,resnet18,256,resnet18,torchvision,0,,,,opencv_hog
agent_1,26,skipped,0.9907897710800172,Person,agent_1,1776424579.115673,resnet18,256,resnet18,torchvision,0,,,,opencv_hog
agent_1,27,skipped,0.9900235533714294,Person,agent_1,1776424579.115673,resnet18,256,resnet18,torchvision,0,,,,opencv_hog
agent_1,28,skipped,0.9896866083145142,Person,agent_1,1776424579.115673,resnet18,256,resnet18,torchvision,0,,,,opencv_hog
agent_1,29,skipped,0.9877071380615234,Person,agent_1,1776424579.115673,resnet18,256,resnet18,torchvision,0,,,,opencv_hog
agent_1,30,skipped,0.9866418838500975,Person,agent_1,1776424579.115673,resnet18,256,resnet18,torchvision,0,,,,opencv_hog
agent_1,31,skipped,0.9878626465797424,Person,agent_1,1776424579.115673,resnet18,256,resnet18,torchvision,0,,,,opencv_hog
agent_1,32,skipped,0.9855943322181702,Person,agent_1,1776424579.115673,resnet18,256,resnet18,torchvision,0,,,,opencv_hog
agent_1,33,skipped,0.9867305755615234,Person,agent_1,1776424579.115673,resnet18,256,resnet18,torchvision,0,,,,opencv_hog
agent_1,34,skipped,0.9929969310760498,Person,agent_1,1776424579.115673,resnet18,256,resnet18,torchvision,0,,,,opencv_hog
agent_1,35,skipped,0.9915973544120787,Person,agent_1,1776424579.115673,resnet18,256,resnet18,torchvision,0,,,,opencv_hog
agent_1,36,skipped,0.991500735282898,Person,agent_1,1776424579.115673,resnet18,256,resnet18,torchvision,0,,,,opencv_hog
agent_1,37,skipped,0.9890658855438232,Person,agent_1,1776424579.115673,resnet18,256,resnet18,torchvision,0,,,,opencv_hog
agent_1,38,skipped,0.9899800419807434,Person,agent_1,1776424579.115673,resnet18,256,resnet18,torchvision,0,,,,opencv_hog
agent_1,39,skipped,0.9908114671707152,Person,agent_1,1776424579.115673,resnet18,256,resnet18,torchvision,0,,,,opencv_hog
agent_1,40,skipped,0.9895271062850952,Person,agent_1,1776424579.115673,resnet18,256,resnet18,torchvision,0,,,,opencv_hog
agent_1,41,skipped,0.9896213412284852,Person,agent_1,1776424579.115673,resnet18,256,resnet18,torchvision,0,,,,opencv_hog
agent_1,42,skipped,0.99373197555542,Person,agent_1,1776424579.115673,resnet18,256,resnet18,torchvision,0,,,,opencv_hog
agent_1,43,skipped,0.9939189553260804,Person,agent_1,1776424579.115673,resnet18,256,resnet18,torchvision,0,,,,opencv_hog
agent_1,44,skipped,0.9929543733596802,Person,agent_1,1776424579.115673,resnet18,256,resnet18,torchvision,0,,,,opencv_hog
agent_1,45,skipped,0.9932621717453004,Person,agent_1,1776424579.115673,resnet18,256,resnet18,torchvision,0,,,,opencv_hog
agent_1,46,skipped,0.9928173422813416,Person,agent_1,1776424579.115673,resnet18,256,resnet18,torchvision,0,,,,opencv_hog
agent_1,47,skipped,0.9919097423553468,Person,agent_1,1776424579.115673,resnet18,256,resnet18,torchvision,0,,,,opencv_hog
agent_1,48,skipped,0.992071807384491,Person,agent_1,1776424579.115673,resnet18,256,resnet18,torchvision,0,,,,opencv_hog
agent_1,49,skipped,0.991906762123108,Person,agent_1,1776424579.115673,resnet18,256,resnet18,torchvision,0,,,,opencv_hog
agent_1,50,skipped,0.9951700568199158,Person,agent_1,1776424579.115673,resnet18,256,resnet18,torchvision,0,,,,opencv_hog
agent_1,51,skipped,0.9947596192359924,Person,agent_1,1776424579.115673,resnet18,256,resnet18,torchvision,0,,,,opencv_hog
agent_1,52,skipped,0.9939534664154052,Person,agent_1,1776424579.115673,resnet18,256,resnet18,torchvision,0,,,,opencv_hog
agent_1,53,skipped,0.9927286505699158,Person,agent_1,1776424579.115673,resnet18,256,resnet18,torchvision,0,,,,opencv_hog
agent_1,54,skipped,0.993023693561554,Person,agent_1,1776424579.115673,resnet18,256,resnet18,torchvision,0,,,,opencv_hog
agent_1,55,skipped,0.9931376576423644,Person,agent_1,1776424579.115673,resnet18,256,resnet18,torchvision,0,,,,opencv_hog
agent_1,56,skipped,0.9931482672691344,Person,agent_1,1776424579.115673,resnet18,256,resnet18,torchvision,0,,,,opencv_hog
agent_1,57,skipped,0.991503119468689,Person,agent_1,1776424579.115673,resnet18,256,resnet18,torchvision,0,,,,opencv_hog
agent_1,58,skipped,0.9936639070510864,Person,agent_1,1776424579.115673,resnet18,256,resnet18,torchvision,0,,,,opencv_hog
agent_1,59,skipped,0.9938823580741882,Person,agent_1,1776424579.115673,resnet18,256,resnet18,torchvision,0,,,,opencv_hog
agent_1,60,skipped,0.9938290119171144,Person,agent_1,1776424579.115673,resnet18,256,resnet18,torchvision,0,,,,opencv_hog
agent_1,61,skipped,0.9950574040412904,Person,agent_1,1776424579.115673,resnet18,256,resnet18,torchvision,0,,,,opencv_hog
agent_1,62,skipped,0.9943836331367492,Person,agent_1,1776424579.115673,resnet18,256,resnet18,torchvision,0,,,,opencv_hog
agent_1,63,skipped,0.9942504167556764,Person,agent_1,1776424579.115673,resnet18,256,resnet18,torchvision,0,,,,opencv_hog
agent_1,64,skipped,0.9933627247810364,Person,agent_1,1776424579.115673,resnet18,256,resnet18,torchvision,0,,,,opencv_hog
agent_1,65,skipped,0.993446171283722,Person,agent_1,1776424579.115673,resnet18,256,resnet18,torchvision,0,,,,opencv_hog
agent_1,66,skipped,0.9957932829856871,Person,agent_1,1776424579.115673,resnet18,256,resnet18,torchvision,0,,,,opencv_hog
agent_1,67,skipped,0.9957451224327089,Person,agent_1,1776424579.115673,resnet18,256,resnet18,torchvision,0,,,,opencv_hog
agent_1,68,skipped,0.9958131313323976,Person,agent_1,1776424579.115673,resnet18,256,resnet18,torchvision,0,,,,opencv_hog
agent_1,69,skipped,0.9954519271850586,Person,agent_1,1776424579.115673,resnet18,256,resnet18,torchvision,0,,,,opencv_hog
agent_1,70,skipped,0.9950922131538392,Person,agent_1,1776424579.115673,resnet18,256,resnet18,torchvision,0,,,,opencv_hog
agent_1,71,skipped,0.994388222694397,Person,agent_1,1776424579.115673,resnet18,256,resnet18,torchvision,0,,,,opencv_hog
agent_1,72,skipped,0.9937069416046144,Person,agent_1,1776424579.115673,resnet18,256,resnet18,torchvision,0,,,,opencv_hog
agent_1,73,skipped,0.9926590919494628,Person,agent_1,1776424579.115673,resnet18,256,resnet18,torchvision,0,,,,opencv_hog
agent_1,74,skipped,0.9969689846038818,Person,agent_1,1776424579.115673,resnet18,256,resnet18,torchvision,0,,,,opencv_hog
agent_1,75,skipped,0.9962766766548156,Person,agent_1,1776424579.115673,resnet18,256,resnet18,torchvision,0,,,,opencv_hog
agent_1,76,skipped,0.9956782460212708,Person,agent_1,1776424579.115673,resnet18,256,resnet18,torchvision,0,,,,opencv_hog
agent_1,77,skipped,0.9953659772872924,Person,agent_1,1776424579.115673,resnet18,256,resnet18,torchvision,0,,,,opencv_hog
agent_1,78,skipped,0.9955716133117676,Person,agent_1,1776424579.115673,resnet18,256,resnet18,torchvision,0,,,,opencv_hog
agent_1,79,skipped,0.9956106543540956,Person,agent_1,1776424579.115673,resnet18,256,resnet18,torchvision,0,,,,opencv_hog
agent_1,80,skipped,0.9957237839698792,Person,agent_1,1776424579.115673,resnet18,256,resnet18,torchvision,0,,,,opencv_hog
agent_2,1,heavy,,,,,mobilenet_v3_small,256,,,0,Person,0.8810703704062958,1006.0166999901412,opencv_hog
agent_2,2,skipped,0.994877278804779,Person,agent_2,1776424580.0805185,mobilenet_v3_small,256,mobilenet_v3_small,torchvision,0,,,,opencv_hog
agent_2,3,skipped,0.9922497272491456,Person,agent_2,1776424580.0805185,mobilenet_v3_small,256,mobilenet_v3_small,torchvision,0,,,,opencv_hog
agent_2,4,skipped,0.9871416091918944,Person,agent_2,1776424580.0805185,mobilenet_v3_small,256,mobilenet_v3_small,torchvision,0,,,,opencv_hog
agent_2,5,skipped,0.9840611219406128,Person,agent_2,1776424580.0805185,mobilenet_v3_small,256,mobilenet_v3_small,torchvision,0,,,,opencv_hog
agent_2,6,skipped,0.98737633228302,Person,agent_2,1776424580.0805185,mobilenet_v3_small,256,mobilenet_v3_small,torchvision,0,,,,opencv_hog
agent_2,7,skipped,0.9829922914505004,Person,agent_2,1776424580.0805185,mobilenet_v3_small,256,mobilenet_v3_small,torchvision,0,,,,opencv_hog
agent_2,8,skipped,0.9830821752548218,Person,agent_2,1776424580.0805185,mobilenet_v3_small,256,mobilenet_v3_small,torchvision,0,,,,opencv_hog
agent_2,9,skipped,0.986233413219452,Person,agent_2,1776424580.0805185,mobilenet_v3_small,256,mobilenet_v3_small,torchvision,0,,,,opencv_hog
agent_2,10,skipped,0.9836937189102172,Person,agent_2,1776424580.0805185,mobilenet_v3_small,256,mobilenet_v3_small,torchvision,0,,,,opencv_hog
agent_2,11,skipped,0.9795310497283936,Person,agent_2,1776424580.0805185,mobilenet_v3_small,256,mobilenet_v3_small,torchvision,0,,,,opencv_hog
agent_2,12,skipped,0.97906494140625,Person,agent_2,1776424580.0805185,mobilenet_v3_small,256,mobilenet_v3_small,torchvision,0,,,,opencv_hog
agent_2,13,skipped,0.98323792219162,Person,agent_2,1776424580.0805185,mobilenet_v3_small,256,mobilenet_v3_small,torchvision,0,,,,opencv_hog
agent_2,14,skipped,0.982386350631714,Person,agent_2,1776424580.0805185,mobilenet_v3_small,256,mobilenet_v3_small,torchvision,0,,,,opencv_hog
agent_2,15,skipped,0.9808252453804016,Person,agent_2,1776424580.0805185,mobilenet_v3_small,256,mobilenet_v3_small,torchvision,0,,,,opencv_hog
agent_2,16,skipped,0.981248378753662,Person,agent_2,1776424580.0805185,mobilenet_v3_small,256,mobilenet_v3_small,torchvision,0,,,,opencv_hog
agent_2,17,skipped,0.980421543121338,Person,agent_2,1776424580.0805185,mobilenet_v3_small,256,mobilenet_v3_small,torchvision,0,,,,opencv_hog
agent_2,18,skipped,0.9852951169013976,Person,agent_2,1776424580.0805185,mobilenet_v3_small,256,mobilenet_v3_small,torchvision,0,,,,opencv_hog
agent_2,19,skipped,0.985083818435669,Person,agent_2,1776424580.0805185,mobilenet_v3_small,256,mobilenet_v3_small,torchvision,0,,,,opencv_hog
agent_2,20,skipped,0.984180748462677,Person,agent_2,1776424580.0805185,mobilenet_v3_small,256,mobilenet_v3_small,torchvision,0,,,,opencv_hog
agent_2,21,skipped,0.9847143888473512,Person,agent_2,1776424580.0805185,mobilenet_v3_small,256,mobilenet_v3_small,torchvision,0,,,,opencv_hog
agent_2,22,skipped,0.9841883182525636,Person,agent_2,1776424580.0805185,mobilenet_v3_small,256,mobilenet_v3_small,torchvision,0,,,,opencv_hog
agent_2,23,skipped,0.9814781546592712,Person,agent_2,1776424580.0805185,mobilenet_v3_small,256,mobilenet_v3_small,torchvision,0,,,,opencv_hog
agent_2,24,skipped,0.978010892868042,Person,agent_2,1776424580.0805185,mobilenet_v3_small,256,mobilenet_v3_small,torchvision,0,,,,opencv_hog
agent_2,25,skipped,0.977640688419342,Person,agent_2,1776424580.0805185,mobilenet_v3_small,256,mobilenet_v3_small,torchvision,0,,,,opencv_hog
agent_2,26,skipped,0.9912264943122864,Person,agent_2,1776424580.0805185,mobilenet_v3_small,256,mobilenet_v3_small,torchvision,0,,,,opencv_hog
agent_2,27,skipped,0.991096258163452,Person,agent_2,1776424580.0805185,mobilenet_v3_small,256,mobilenet_v3_small,torchvision,0,,,,opencv_hog
agent_2,28,skipped,0.990807831287384,Person,agent_2,1776424580.0805185,mobilenet_v3_small,256,mobilenet_v3_small,torchvision,0,,,,opencv_hog
agent_2,29,skipped,0.9904701709747314,Person,agent_2,1776424580.0805185,mobilenet_v3_small,256,mobilenet_v3_small,torchvision,0,,,,opencv_hog
agent_2,30,skipped,0.9891020059585572,Person,agent_2,1776424580.0805185,mobilenet_v3_small,256,mobilenet_v3_small,torchvision,0,,,,opencv_hog
agent_2,31,skipped,0.9880666732788086,Person,agent_2,1776424580.0805185,mobilenet_v3_small,256,mobilenet_v3_small,torchvision,0,,,,opencv_hog
agent_2,32,skipped,0.9886462688446044,Person,agent_2,1776424580.0805185,mobilenet_v3_small,256,mobilenet_v3_small,torchvision,0,,,,opencv_hog
agent_2,33,skipped,0.9885661005973816,Person,agent_2,1776424580.0805185,mobilenet_v3_small,256,mobilenet_v3_small,torchvision,0,,,,opencv_hog
agent_2,34,skipped,0.99331933259964,Person,agent_2,1776424580.0805185,mobilenet_v3_small,256,mobilenet_v3_small,torchvision,0,,,,opencv_hog
agent_2,35,skipped,0.9927018880844116,Person,agent_2,1776424580.0805185,mobilenet_v3_small,256,mobilenet_v3_small,torchvision,0,,,,opencv_hog
agent_2,36,skipped,0.991748571395874,Person,agent_2,1776424580.0805185,mobilenet_v3_small,256,mobilenet_v3_small,torchvision,0,,,,opencv_hog
agent_2,37,skipped,0.9895632266998292,Person,agent_2,1776424580.0805185,mobilenet_v3_small,256,mobilenet_v3_small,torchvision,0,,,,opencv_hog
agent_2,38,skipped,0.9891628623008728,Person,agent_2,1776424580.0805185,mobilenet_v3_small,256,mobilenet_v3_small,torchvision,0,,,,opencv_hog
agent_2,39,skipped,0.9891958236694336,Person,agent_2,1776424580.0805185,mobilenet_v3_small,256,mobilenet_v3_small,torchvision,0,,,,opencv_hog
agent_2,40,skipped,0.9885772466659546,Person,agent_2,1776424580.0805185,mobilenet_v3_small,256,mobilenet_v3_small,torchvision,0,,,,opencv_hog
agent_2,41,skipped,0.9874175190925598,Person,agent_2,1776424580.0805185,mobilenet_v3_small,256,mobilenet_v3_small,torchvision,0,,,,opencv_hog
agent_2,42,skipped,0.9942926168441772,Person,agent_2,1776424580.0805185,mobilenet_v3_small,256,mobilenet_v3_small,torchvision,0,,,,opencv_hog
agent_2,43,skipped,0.9933710694313048,Person,agent_2,1776424580.0805185,mobilenet_v3_small,256,mobilenet_v3_small,torchvision,0,,,,opencv_hog
agent_2,44,skipped,0.993170976638794,Person,agent_2,1776424580.0805185,mobilenet_v3_small,256,mobilenet_v3_small,torchvision,0,,,,opencv_hog
agent_2,45,skipped,0.9939199090003968,Person,agent_2,1776424580.0805185,mobilenet_v3_small,256,mobilenet_v3_small,torchvision,0,,,,opencv_hog
agent_2,46,skipped,0.993420958518982,Person,agent_2,1776424580.0805185,mobilenet_v3_small,256,mobilenet_v3_small,torchvision,0,,,,opencv_hog
agent_2,47,skipped,0.992882251739502,Person,agent_2,1776424580.0805185,mobilenet_v3_small,256,mobilenet_v3_small,torchvision,0,,,,opencv_hog
agent_2,48,skipped,0.9924590587615968,Person,agent_2,1776424580.0805185,mobilenet_v3_small,256,mobilenet_v3_small,torchvision,0,,,,opencv_hog
agent_2,49,skipped,0.992641031742096,Person,agent_2,1776424580.0805185,mobilenet_v3_small,256,mobilenet_v3_small,torchvision,0,,,,opencv_hog
agent_2,50,skipped,0.9955624341964722,Person,agent_2,1776424580.0805185,mobilenet_v3_small,256,mobilenet_v3_small,torchvision,0,,,,opencv_hog
agent_2,51,skipped,0.9951438307762146,Person,agent_2,1776424580.0805185,mobilenet_v3_small,256,mobilenet_v3_small,torchvision,0,,,,opencv_hog
agent_2,52,skipped,0.9943397641181946,Person,agent_2,1776424580.0805185,mobilenet_v3_small,256,mobilenet_v3_small,torchvision,0,,,,opencv_hog
agent_2,53,skipped,0.9945088624954224,Person,agent_2,1776424580.0805185,mobilenet_v3_small,256,mobilenet_v3_small,torchvision,0,,,,opencv_hog
agent_2,54,skipped,0.9941891431808472,Person,agent_2,1776424580.0805185,mobilenet_v3_small,256,mobilenet_v3_small,torchvision,0,,,,opencv_hog
agent_2,55,skipped,0.9937685132026672,Person,agent_2,1776424580.0805185,mobilenet_v3_small,256,mobilenet_v3_small,torchvision,0,,,,opencv_hog
agent_2,56,skipped,0.993565022945404,Person,agent_2,1776424580.0805185,mobilenet_v3_small,256,mobilenet_v3_small,torchvision,0,,,,opencv_hog
agent_2,57,skipped,0.993640959262848,Person,agent_2,1776424580.0805185,mobilenet_v3_small,256,mobilenet_v3_small,torchvision,0,,,,opencv_hog
agent_2,58,skipped,0.9958102703094482,Person,agent_2,1776424580.0805185,mobilenet_v3_small,256,mobilenet_v3_small,torchvision,0,,,,opencv_hog
agent_2,59,skipped,0.9952393174171448,Person,agent_2,1776424580.0805185,mobilenet_v3_small,256,mobilenet_v3_small,torchvision,0,,,,opencv_hog
agent_2,60,skipped,0.9952821731567384,Person,agent_2,1776424580.0805185,mobilenet_v3_small,256,mobilenet_v3_small,torchvision,0,,,,opencv_hog
agent_2,61,skipped,0.9952607154846193,Person,agent_2,1776424580.0805185,mobilenet_v3_small,256,mobilenet_v3_small,torchvision,0,,,,opencv_hog
agent_2,62,skipped,0.9945856332778932,Person,agent_2,1776424580.0805185,mobilenet_v3_small,256,mobilenet_v3_small,torchvision,0,,,,opencv_hog
agent_2,63,skipped,0.9940829277038574,Person,agent_2,1776424580.0805185,mobilenet_v3_small,256,mobilenet_v3_small,torchvision,0,,,,opencv_hog
agent_2,64,skipped,0.9943143129348756,Person,agent_2,1776424580.0805185,mobilenet_v3_small,256,mobilenet_v3_small,torchvision,0,,,,opencv_hog
agent_2,65,skipped,0.9948172569274902,Person,agent_2,1776424580.0805185,mobilenet_v3_small,256,mobilenet_v3_small,torchvision,0,,,,opencv_hog
agent_2,66,skipped,0.996513605117798,Person,agent_2,1776424580.0805185,mobilenet_v3_small,256,mobilenet_v3_small,torchvision,0,,,,opencv_hog
agent_2,67,skipped,0.9964088201522828,Person,agent_2,1776424580.0805185,mobilenet_v3_small,256,mobilenet_v3_small,torchvision,0,,,,opencv_hog
agent_2,68,skipped,0.9964438676834106,Person,agent_2,1776424580.0805185,mobilenet_v3_small,256,mobilenet_v3_small,torchvision,0,,,,opencv_hog
agent_2,69,skipped,0.9961796402931212,Person,agent_2,1776424580.0805185,mobilenet_v3_small,256,mobilenet_v3_small,torchvision,0,,,,opencv_hog
agent_2,70,skipped,0.9959076642990112,Person,agent_2,1776424580.0805185,mobilenet_v3_small,256,mobilenet_v3_small,torchvision,0,,,,opencv_hog
agent_2,71,skipped,0.99577134847641,Person,agent_2,1776424580.0805185,mobilenet_v3_small,256,mobilenet_v3_small,torchvision,0,,,,opencv_hog
agent_2,72,skipped,0.9953838586807252,Person,agent_2,1776424580.0805185,mobilenet_v3_small,256,mobilenet_v3_small,torchvision,0,,,,opencv_hog
agent_2,73,skipped,0.9945614337921144,Person,agent_2,1776424580.0805185,mobilenet_v3_small,256,mobilenet_v3_small,torchvision,0,,,,opencv_hog
agent_2,74,skipped,0.9963789582252502,Person,agent_2,1776424580.0805185,mobilenet_v3_small,256,mobilenet_v3_small,torchvision,0,,,,opencv_hog
agent_2,75,skipped,0.9961162209510804,Person,agent_2,1776424580.0805185,mobilenet_v3_small,256,mobilenet_v3_small,torchvision,0,,,,opencv_hog
agent_2,76,skipped,0.9962365627288818,Person,agent_2,1776424580.0805185,mobilenet_v3_small,256,mobilenet_v3_small,torchvision,0,,,,opencv_hog
agent_2,77,skipped,0.9961525797843932,Person,agent_2,1776424580.0805185,mobilenet_v3_small,256,mobilenet_v3_small,torchvision,0,,,,opencv_hog
agent_2,78,skipped,0.9963198900222778,Person,agent_2,1776424580.0805185,mobilenet_v3_small,256,mobilenet_v3_small,torchvision,0,,,,opencv_hog
agent_2,79,skipped,0.9962174296379088,Person,agent_2,1776424580.0805185,mobilenet_v3_small,256,mobilenet_v3_small,torchvision,0,,,,opencv_hog
agent_2,80,skipped,0.996287763118744,Person,agent_2,1776424580.0805185,mobilenet_v3_small,256,mobilenet_v3_small,torchvision,0,,,,opencv_hog
agent_3,1,heavy,,,,,efficientnet_b0,256,,,0,Person,0.8810703704062958,204.36450000852344,opencv_hog
agent_3,2,skipped,0.9822610020637512,Person,agent_3,1776424579.506426,efficientnet_b0,256,efficientnet_b0,torchvision,0,,,,opencv_hog
agent_3,3,skipped,0.9570320844650269,Person,agent_3,1776424579.506426,efficientnet_b0,256,efficientnet_b0,torchvision,0,,,,opencv_hog
agent_3,4,skipped,0.9355930089950562,Person,agent_3,1776424579.506426,efficientnet_b0,256,efficientnet_b0,torchvision,0,,,,opencv_hog
agent_3,5,skipped,0.9255931973457336,Person,agent_3,1776424579.506426,efficientnet_b0,256,efficientnet_b0,torchvision,0,,,,opencv_hog
agent_3,6,skipped,0.930130660533905,Person,agent_3,1776424579.506426,efficientnet_b0,256,efficientnet_b0,torchvision,0,,,,opencv_hog
agent_3,7,skipped,0.9522361159324646,Person,agent_3,1776424579.506426,efficientnet_b0,256,efficientnet_b0,torchvision,0,,,,opencv_hog
agent_3,8,skipped,0.9365769028663636,Person,agent_3,1776424579.506426,efficientnet_b0,256,efficientnet_b0,torchvision,0,,,,opencv_hog
agent_3,9,skipped,0.9151016473770142,Person,agent_3,1776424579.506426,efficientnet_b0,256,efficientnet_b0,torchvision,0,,,,opencv_hog
agent_3,10,skipped,0.950498342514038,Person,agent_3,1776424579.506426,efficientnet_b0,256,efficientnet_b0,torchvision,0,,,,opencv_hog
agent_3,11,skipped,0.9553159475326538,Person,agent_3,1776424579.506426,efficientnet_b0,256,efficientnet_b0,torchvision,0,,,,opencv_hog
agent_3,12,skipped,0.9538400173187256,Person,agent_3,1776424579.506426,efficientnet_b0,256,efficientnet_b0,torchvision,0,,,,opencv_hog
agent_3,13,skipped,0.9532997608184814,Person,agent_3,1776424579.506426,efficientnet_b0,256,efficientnet_b0,torchvision,0,,,,opencv_hog
agent_3,14,skipped,0.9471186995506288,Person,agent_3,1776424579.506426,efficientnet_b0,256,efficientnet_b0,torchvision,0,,,,opencv_hog
agent_3,15,skipped,0.9445663690567015,Person,agent_3,1776424579.506426,efficientnet_b0,256,efficientnet_b0,torchvision,0,,,,opencv_hog
agent_3,16,skipped,0.943128228187561,Person,agent_3,1776424579.506426,efficientnet_b0,256,efficientnet_b0,torchvision,0,,,,opencv_hog
agent_3,17,skipped,0.9425815343856812,Person,agent_3,1776424579.506426,efficientnet_b0,256,efficientnet_b0,torchvision,0,,,,opencv_hog
agent_3,18,skipped,0.9809359908103944,Person,agent_3,1776424579.506426,efficientnet_b0,256,efficientnet_b0,torchvision,0,,,,opencv_hog
agent_3,19,skipped,0.9806047677993774,Person,agent_3,1776424579.506426,efficientnet_b0,256,efficientnet_b0,torchvision,0,,,,opencv_hog
agent_3,20,skipped,0.9809731245040894,Person,agent_3,1776424579.506426,efficientnet_b0,256,efficientnet_b0,torchvision,0,,,,opencv_hog
agent_3,21,skipped,0.9769020676612854,Person,agent_3,1776424579.506426,efficientnet_b0,256,efficientnet_b0,torchvision,0,,,,opencv_hog
agent_3,22,skipped,0.9764127135276794,Person,agent_3,1776424579.506426,efficientnet_b0,256,efficientnet_b0,torchvision,0,,,,opencv_hog
agent_3,23,skipped,0.9804610013961792,Person,agent_3,1776424579.506426,efficientnet_b0,256,efficientnet_b0,torchvision,0,,,,opencv_hog
agent_3,24,skipped,0.978345513343811,Person,agent_3,1776424579.506426,efficientnet_b0,256,efficientnet_b0,torchvision,0,,,,opencv_hog
agent_3,25,skipped,0.979062795639038,Person,agent_3,1776424579.506426,efficientnet_b0,256,efficientnet_b0,torchvision,0,,,,opencv_hog
agent_3,26,skipped,0.98810875415802,Person,agent_3,1776424579.506426,efficientnet_b0,256,efficientnet_b0,torchvision,0,,,,opencv_hog
agent_3,27,skipped,0.9880990982055664,Person,agent_3,1776424579.506426,efficientnet_b0,256,efficientnet_b0,torchvision,0,,,,opencv_hog
agent_3,28,skipped,0.9871244430541992,Person,agent_3,1776424579.506426,efficientnet_b0,256,efficientnet_b0,torchvision,0,,,,opencv_hog
agent_3,29,skipped,0.9865679740905762,Person,agent_3,1776424579.506426,efficientnet_b0,256,efficientnet_b0,torchvision,0,,,,opencv_hog
agent_3,30,skipped,0.9860070943832396,Person,agent_3,1776424579.506426,efficientnet_b0,256,efficientnet_b0,torchvision,0,,,,opencv_hog
agent_3,31,skipped,0.9857614040374756,Person,agent_3,1776424579.506426,efficientnet_b0,256,efficientnet_b0,torchvision,0,,,,opencv_hog
agent_3,32,skipped,0.9853883385658264,Person,agent_3,1776424579.506426,efficientnet_b0,256,efficientnet_b0,torchvision,0,,,,opencv_hog
agent_3,33,skipped,0.9855906963348388,Person,agent_3,1776424579.506426,efficientnet_b0,256,efficientnet_b0,torchvision,0,,,,opencv_hog
agent_3,34,skipped,0.9926332235336304,Person,agent_3,1776424579.506426,efficientnet_b0,256,efficientnet_b0,torchvision,0,,,,opencv_hog
agent_3,35,skipped,0.991249680519104,Person,agent_3,1776424579.506426,efficientnet_b0,256,efficientnet_b0,torchvision,0,,,,opencv_hog
agent_3,36,skipped,0.9912049770355223,Person,agent_3,1776424579.506426,efficientnet_b0,256,efficientnet_b0,torchvision,0,,,,opencv_hog
agent_3,37,skipped,0.9914796352386476,Person,agent_3,1776424579.506426,efficientnet_b0,256,efficientnet_b0,torchvision,0,,,,opencv_hog
agent_3,38,skipped,0.9915246367454528,Person,agent_3,1776424579.506426,efficientnet_b0,256,efficientnet_b0,torchvision,0,,,,opencv_hog
agent_3,39,skipped,0.9908877611160278,Person,agent_3,1776424579.506426,efficientnet_b0,256,efficientnet_b0,torchvision,0,,,,opencv_hog
agent_3,40,skipped,0.98867666721344,Person,agent_3,1776424579.506426,efficientnet_b0,256,efficientnet_b0,torchvision,0,,,,opencv_hog
agent_3,41,skipped,0.988960027694702,Person,agent_3,1776424579.506426,efficientnet_b0,256,efficientnet_b0,torchvision,0,,,,opencv_hog
agent_3,42,skipped,0.9948261380195618,Person,agent_3,1776424579.506426,efficientnet_b0,256,efficientnet_b0,torchvision,0,,,,opencv_hog
agent_3,43,skipped,0.9944974184036256,Person,agent_3,1776424579.506426,efficientnet_b0,256,efficientnet_b0,torchvision,0,,,,opencv_hog
agent_3,44,skipped,0.9940316081047058,Person,agent_3,1776424579.506426,efficientnet_b0,256,efficientnet_b0,torchvision,0,,,,opencv_hog
agent_3,45,skipped,0.993627905845642,Person,agent_3,1776424579.506426,efficientnet_b0,256,efficientnet_b0,torchvision,0,,,,opencv_hog
agent_3,46,skipped,0.9932636022567748,Person,agent_3,1776424579.506426,efficientnet_b0,256,efficientnet_b0,torchvision,0,,,,opencv_hog
agent_3,47,skipped,0.9930018782615662,Person,agent_3,1776424579.506426,efficientnet_b0,256,efficientnet_b0,torchvision,0,,,,opencv_hog
agent_3,48,skipped,0.9933480024337769,Person,agent_3,1776424579.506426,efficientnet_b0,256,efficientnet_b0,torchvision,0,,,,opencv_hog
agent_3,49,skipped,0.993485987186432,Person,agent_3,1776424579.506426,efficientnet_b0,256,efficientnet_b0,torchvision,0,,,,opencv_hog
agent_3,50,skipped,0.9958306550979614,Person,agent_3,1776424579.506426,efficientnet_b0,256,efficientnet_b0,torchvision,0,,,,opencv_hog
agent_3,51,skipped,0.9956332445144652,Person,agent_3,1776424579.506426,efficientnet_b0,256,efficientnet_b0,torchvision,0,,,,opencv_hog
agent_3,52,skipped,0.995392382144928,Person,agent_3,1776424579.506426,efficientnet_b0,256,efficientnet_b0,torchvision,0,,,,opencv_hog
agent_3,53,skipped,0.9954415559768676,Person,agent_3,1776424579.506426,efficientnet_b0,256,efficientnet_b0,torchvision,0,,,,opencv_hog
agent_3,54,skipped,0.9954209327697754,Person,agent_3,1776424579.506426,efficientnet_b0,256,efficientnet_b0,torchvision,0,,,,opencv_hog
agent_3,55,skipped,0.9951817989349364,Person,agent_3,1776424579.506426,efficientnet_b0,256,efficientnet_b0,torchvision,0,,,,opencv_hog
agent_3,56,skipped,0.995429754257202,Person,agent_3,1776424579.506426,efficientnet_b0,256,efficientnet_b0,torchvision,0,,,,opencv_hog
agent_3,57,skipped,0.995137095451355,Person,agent_3,1776424579.506426,efficientnet_b0,256,efficientnet_b0,torchvision,0,,,,opencv_hog
agent_3,58,skipped,0.9955604672431946,Person,agent_3,1776424579.506426,efficientnet_b0,256,efficientnet_b0,torchvision,0,,,,opencv_hog
agent_3,59,skipped,0.9962078332901,Person,agent_3,1776424579.506426,efficientnet_b0,256,efficientnet_b0,torchvision,0,,,,opencv_hog
agent_3,60,skipped,0.9962633848190308,Person,agent_3,1776424579.506426,efficientnet_b0,256,efficientnet_b0,torchvision,0,,,,opencv_hog
agent_3,61,skipped,0.9959044456481934,Person,agent_3,1776424579.506426,efficientnet_b0,256,efficientnet_b0,torchvision,0,,,,opencv_hog
agent_3,62,skipped,0.9955679774284364,Person,agent_3,1776424579.506426,efficientnet_b0,256,efficientnet_b0,torchvision,0,,,,opencv_hog
agent_3,63,skipped,0.995364785194397,Person,agent_3,1776424579.506426,efficientnet_b0,256,efficientnet_b0,torchvision,0,,,,opencv_hog
agent_3,64,skipped,0.9950208067893982,Person,agent_3,1776424579.506426,efficientnet_b0,256,efficientnet_b0,torchvision,0,,,,opencv_hog
agent_3,65,skipped,0.9951449632644652,Person,agent_3,1776424579.506426,efficientnet_b0,256,efficientnet_b0,torchvision,0,,,,opencv_hog
agent_3,66,skipped,0.996206283569336,Person,agent_3,1776424579.506426,efficientnet_b0,256,efficientnet_b0,torchvision,0,,,,opencv_hog
agent_3,67,skipped,0.995938241481781,Person,agent_3,1776424579.506426,efficientnet_b0,256,efficientnet_b0,torchvision,0,,,,opencv_hog
agent_3,68,skipped,0.9961168766021729,Person,agent_3,1776424579.506426,efficientnet_b0,256,efficientnet_b0,torchvision,0,,,,opencv_hog
agent_3,69,skipped,0.9959397912025452,Person,agent_3,1776424579.506426,efficientnet_b0,256,efficientnet_b0,torchvision,0,,,,opencv_hog
agent_3,70,skipped,0.996043622493744,Person,agent_3,1776424579.506426,efficientnet_b0,256,efficientnet_b0,torchvision,0,,,,opencv_hog
agent_3,71,skipped,0.9957571029663086,Person,agent_3,1776424579.506426,efficientnet_b0,256,efficientnet_b0,torchvision,0,,,,opencv_hog
agent_3,72,skipped,0.995669722557068,Person,agent_3,1776424579.506426,efficientnet_b0,256,efficientnet_b0,torchvision,0,,,,opencv_hog
agent_3,73,skipped,0.9958401918411256,Person,agent_3,1776424579.506426,efficientnet_b0,256,efficientnet_b0,torchvision,0,,,,opencv_hog
agent_3,74,skipped,0.996246576309204,Person,agent_3,1776424579.506426,efficientnet_b0,256,efficientnet_b0,torchvision,0,,,,opencv_hog
agent_3,75,skipped,0.9960597157478333,Person,agent_3,1776424579.506426,efficientnet_b0,256,efficientnet_b0,torchvision,0,,,,opencv_hog
agent_3,76,skipped,0.995644509792328,Person,agent_3,1776424579.506426,efficientnet_b0,256,efficientnet_b0,torchvision,0,,,,opencv_hog
agent_3,77,skipped,0.9954317808151244,Person,agent_3,1776424579.506426,efficientnet_b0,256,efficientnet_b0,torchvision,0,,,,opencv_hog
agent_3,78,skipped,0.9955925941467284,Person,agent_3,1776424579.506426,efficientnet_b0,256,efficientnet_b0,torchvision,0,,,,opencv_hog
agent_3,79,skipped,0.9957303404808044,Person,agent_3,1776424579.506426,efficientnet_b0,256,efficientnet_b0,torchvision,0,,,,opencv_hog
agent_3,80,skipped,0.995741605758667,Person,agent_3,1776424579.506426,efficientnet_b0,256,efficientnet_b0,torchvision,0,,,,opencv_hog
